{
"lengthUnit": "mil",
"remark": [],
"components": {
	"fields": ["COMPONENT_NO", "COMPONENT_NAME", "LAYER", "X_COORDINATE", "Y_COORDINATE", "ANGLE"],
	"rows": [
		[1, "H1", "T", 2390.2403, -1762.9965, 0],
		[2, "H2", "T", 257.7173, -1766.7873, 0],
		[3, "H3", "T", 252.2073, 750.4607, 0],
		[4, "H4", "T", 2389.2204, 750.4607, 0],
		[5, "OLED1", "T", 575, -675, 0],
		[6, "R3", "T", 1455.5042, -92.0658, 0],
		[7, "R4", "T", 942.6132, 89.6764, 0],
		[8, "U2", "T", 881.1762, -1695.2958, 0],
		[9, "U3", "T", 1145, 790, 0],
		[10, "PAD1", "T", 575, -825, 0],
		[11, "PAD1", "B", 575, -825, 0],
		[12, "PAD2", "T", 575, -725, 0],
		[13, "PAD2", "B", 575, -725, 0],
		[14, "PAD3", "T", 575, -625, 0],
		[15, "PAD3", "B", 575, -625, 0],
		[16, "PAD4", "T", 575, -525, 0],
		[17, "PAD4", "B", 575, -525, 0],
		[18, "PAD5", "T", 931.1762, -1545.2958, 0],
		[19, "PAD5", "B", 931.1762, -1545.2958, 0],
		[20, "PAD6", "T", 931.1762, -1645.2958, 0],
		[21, "PAD6", "B", 931.1762, -1645.2958, 0],
		[22, "PAD7", "T", 931.1762, -1745.2958, 0],
		[23, "PAD7", "B", 931.1762, -1745.2958, 0],
		[24, "PAD8", "T", 931.1762, -1845.2958, 0],
		[25, "PAD8", "B", 931.1762, -1845.2958, 0],
		[26, "PAD9", "T", 775, 810, 0],
		[27, "PAD10", "T", 775, 710, 0],
		[28, "PAD11", "T", 1515, 910, 0],
		[29, "PAD12", "T", 1515, 1010, 0],
		[30, "PAD13", "T", 1515, 1110, 0],
		[31, "PAD14", "T", 1248.8142, -92.0658, 0],
		[32, "PAD14", "B", 1248.8142, -92.0658, 0],
		[33, "PAD15", "T", 1662.1942, -92.0658, 0],
		[34, "PAD15", "B", 1662.1942, -92.0658, 0],
		[35, "PAD16", "T", 735.9232, 89.6764, 0],
		[36, "PAD16", "B", 735.9232, 89.6764, 0],
		[37, "PAD17", "T", 1149.3032, 89.6764, 0],
		[38, "PAD17", "B", 1149.3032, 89.6764, 0]
	]
},
"pins": {
	"fields": ["PIN_NO", "PIN_NAME", "PIN_X", "PIN_Y", "LAYER", "PIN_TYPE", "NET_NAME", "NET_TYPE", "PAD_SHAPE", "PAD_SIZEX", "PAD_SIZEY", "HOLE_SIZE", "HOLE_LEN", "PAD_ANGLE"],
	"rows": [
		[1, "H1_1", 2390.2403, -1762.9965, "T", "DIP", "NET_1", "", "C", 125.984, 125.984, 125.984, 125.984, 0],
		[2, "H1_1", 2390.2403, -1762.9965, "B", "DIP", "NET_1", "", "C", 125.984, 125.984, 125.984, 125.984, 0],
		[3, "H2_1", 257.7173, -1766.7873, "T", "DIP", "NET_2", "", "C", 125.984, 125.984, 125.984, 125.984, 0],
		[4, "H2_1", 257.7173, -1766.7873, "B", "DIP", "NET_2", "", "C", 125.984, 125.984, 125.984, 125.984, 0],
		[5, "H3_1", 252.2073, 750.4607, "T", "DIP", "NET_3", "", "C", 125.984, 125.984, 125.984, 125.984, 0],
		[6, "H3_1", 252.2073, 750.4607, "B", "DIP", "NET_3", "", "C", 125.984, 125.984, 125.984, 125.984, 0],
		[7, "H4_1", 2389.2204, 750.4607, "T", "DIP", "NET_4", "", "C", 125.984, 125.984, 125.984, 125.984, 0],
		[8, "H4_1", 2389.2204, 750.4607, "B", "DIP", "NET_4", "", "C", 125.984, 125.984, 125.984, 125.984, 0],
		[9, "OLED1_1", 575, -825, "T", "DIP", "GND", "GND", "C", 62.992, 62.992, 39.37, 39.37, 0],
		[10, "OLED1_1", 575, -825, "B", "DIP", "GND", "GND", "C", 62.992, 62.992, 39.37, 39.37, 0],
		[11, "OLED1_2", 575, -725, "T", "DIP", "3.3V", "", "C", 62.992, 62.992, 39.37, 39.37, 0],
		[12, "OLED1_2", 575, -725, "B", "DIP", "3.3V", "", "C", 62.992, 62.992, 39.37, 39.37, 0],
		[13, "OLED1_3", 575, -625, "T", "DIP", "SCL", "", "C", 62.992, 62.992, 39.37, 39.37, 0],
		[14, "OLED1_3", 575, -625, "B", "DIP", "SCL", "", "C", 62.992, 62.992, 39.37, 39.37, 0],
		[15, "OLED1_4", 575, -525, "T", "DIP", "SDA", "", "C", 62.992, 62.992, 39.37, 39.37, 0],
		[16, "OLED1_4", 575, -525, "B", "DIP", "SDA", "", "C", 62.992, 62.992, 39.37, 39.37, 0],
		[17, "R3_1", 1248.8142, -92.0658, "T", "DIP", "SCL", "", "C", 55.118, 55.118, 27.56, 27.56, 0],
		[18, "R3_1", 1248.8142, -92.0658, "B", "DIP", "SCL", "", "C", 55.118, 55.118, 27.56, 27.56, 0],
		[19, "R3_2", 1662.1942, -92.0658, "T", "DIP", "3.3V", "", "C", 55.118, 55.118, 27.56, 27.56, 0],
		[20, "R3_2", 1662.1942, -92.0658, "B", "DIP", "3.3V", "", "C", 55.118, 55.118, 27.56, 27.56, 0],
		[21, "R4_1", 735.9232, 89.6764, "T", "DIP", "SDA", "", "C", 55.118, 55.118, 27.56, 27.56, 0],
		[22, "R4_1", 735.9232, 89.6764, "B", "DIP", "SDA", "", "C", 55.118, 55.118, 27.56, 27.56, 0],
		[23, "R4_2", 1149.3032, 89.6764, "T", "DIP", "3.3V", "", "C", 55.118, 55.118, 27.56, 27.56, 0],
		[24, "R4_2", 1149.3032, 89.6764, "B", "DIP", "3.3V", "", "C", 55.118, 55.118, 27.56, 27.56, 0],
		[25, "U2_1", 931.1762, -1545.2958, "T", "DIP", "5V", "", "C", 60, 60, 36, 36, 270],
		[26, "U2_1", 931.1762, -1545.2958, "B", "DIP", "5V", "", "C", 60, 60, 36, 36, 270],
		[27, "U2_2", 931.1762, -1645.2958, "T", "DIP", "GND", "GND", "C", 60, 60, 36, 36, 270],
		[28, "U2_2", 931.1762, -1645.2958, "B", "DIP", "GND", "GND", "C", 60, 60, 36, 36, 270],
		[29, "U2_3", 931.1762, -1745.2958, "T", "DIP", "SCL", "", "C", 60, 60, 36, 36, 270],
		[30, "U2_3", 931.1762, -1745.2958, "B", "DIP", "SCL", "", "C", 60, 60, 36, 36, 270],
		[31, "U2_4", 931.1762, -1845.2958, "T", "DIP", "SDA", "", "C", 60, 60, 36, 36, 270],
		[32, "U2_4", 931.1762, -1845.2958, "B", "DIP", "SDA", "", "C", 60, 60, 36, 36, 270],
		[33, "U3_1", 775, 1110, "T", "SMD", "NET_5", "", "R", 100, 60, 0, 0, 0],
		[34, "U3_2", 775, 1010, "T", "SMD", "NET_6", "", "R", 100, 60, 0, 0, 0],
		[35, "U3_3", 775, 910, "T", "SMD", "NET_7", "", "R", 100, 60, 0, 0, 0],
		[36, "U3_4", 775, 810, "T", "SMD", "SDA", "", "R", 100, 60, 0, 0, 0],
		[37, "U3_5", 775, 710, "T", "SMD", "SCL", "", "R", 100, 60, 0, 0, 0],
		[38, "U3_6", 775, 610, "T", "SMD", "NET_8", "", "R", 100, 60, 0, 0, 0],
		[39, "U3_7", 775, 510, "T", "SMD", "NET_9", "", "R", 100, 60, 0, 0, 0],
		[40, "U3_8", 775, 410, "T", "SMD", "NET_10", "", "R", 100, 60, 0, 0, 0],
		[41, "U3_9", 1515, 410, "T", "SMD", "NET_11", "", "R", 100, 60, 0, 0, 0],
		[42, "U3_10", 1515, 510, "T", "SMD", "NET_12", "", "R", 100, 60, 0, 0, 0],
		[43, "U3_11", 1515, 610, "T", "SMD", "NET_13", "", "R", 100, 60, 0, 0, 0],
		[44, "U3_12", 1515, 710, "T", "SMD", "NET_14", "", "R", 100, 60, 0, 0, 0],
		[45, "U3_13", 1515, 810, "T", "SMD", "NET_15", "", "R", 100, 60, 0, 0, 0],
		[46, "U3_14", 1515, 910, "T", "SMD", "3.3V", "", "R", 100, 60, 0, 0, 0],
		[47, "U3_15", 1515, 1010, "T", "SMD", "GND", "GND", "R", 100, 60, 0, 0, 0],
		[48, "U3_16", 1515, 1110, "T", "SMD", "5V", "", "R", 100, 60, 0, 0, 0],
		[49, "PAD1_1", 575, -825, "T", "DIP", "GND", "GND", "C", 62.992, 62.992, 39.37, 39.37, 0],
		[50, "PAD1_1", 575, -825, "B", "DIP", "GND", "GND", "C", 62.992, 62.992, 39.37, 39.37, 0],
		[51, "PAD2_2", 575, -725, "T", "DIP", "3.3V", "", "C", 62.992, 62.992, 39.37, 39.37, 0],
		[52, "PAD2_2", 575, -725, "B", "DIP", "3.3V", "", "C", 62.992, 62.992, 39.37, 39.37, 0],
		[53, "PAD3_3", 575, -625, "T", "DIP", "SCL", "", "C", 62.992, 62.992, 39.37, 39.37, 0],
		[54, "PAD3_3", 575, -625, "B", "DIP", "SCL", "", "C", 62.992, 62.992, 39.37, 39.37, 0],
		[55, "PAD4_4", 575, -525, "T", "DIP", "SDA", "", "C", 62.992, 62.992, 39.37, 39.37, 0],
		[56, "PAD4_4", 575, -525, "B", "DIP", "SDA", "", "C", 62.992, 62.992, 39.37, 39.37, 0],
		[57, "PAD5_1", 931.1762, -1545.2958, "T", "DIP", "5V", "", "C", 60, 60, 36, 36, 270],
		[58, "PAD5_1", 931.1762, -1545.2958, "B", "DIP", "5V", "", "C", 60, 60, 36, 36, 270],
		[59, "PAD6_2", 931.1762, -1645.2958, "T", "DIP", "GND", "GND", "C", 60, 60, 36, 36, 270],
		[60, "PAD6_2", 931.1762, -1645.2958, "B", "DIP", "GND", "GND", "C", 60, 60, 36, 36, 270],
		[61, "PAD7_3", 931.1762, -1745.2958, "T", "DIP", "SCL", "", "C", 60, 60, 36, 36, 270],
		[62, "PAD7_3", 931.1762, -1745.2958, "B", "DIP", "SCL", "", "C", 60, 60, 36, 36, 270],
		[63, "PAD8_4", 931.1762, -1845.2958, "T", "DIP", "SDA", "", "C", 60, 60, 36, 36, 270],
		[64, "PAD8_4", 931.1762, -1845.2958, "B", "DIP", "SDA", "", "C", 60, 60, 36, 36, 270],
		[65, "PAD9_4", 775, 810, "T", "SMD", "SDA", "", "R", 100, 60, 0, 0, 0],
		[66, "PAD10_5", 775, 710, "T", "SMD", "SCL", "", "R", 100, 60, 0, 0, 0],
		[67, "PAD11_14", 1515, 910, "T", "SMD", "3.3V", "", "R", 100, 60, 0, 0, 0],
		[68, "PAD12_15", 1515, 1010, "T", "SMD", "GND", "GND", "R", 100, 60, 0, 0, 0],
		[69, "PAD13_16", 1515, 1110, "T", "SMD", "5V", "", "R", 100, 60, 0, 0, 0],
		[70, "PAD14_1", 1248.8142, -92.0658, "T", "DIP", "SCL", "", "C", 55.118, 55.118, 27.56, 27.56, 0],
		[71, "PAD14_1", 1248.8142, -92.0658, "B", "DIP", "SCL", "", "C", 55.118, 55.118, 27.56, 27.56, 0],
		[72, "PAD15_2", 1662.1942, -92.0658, "T", "DIP", "3.3V", "", "C", 55.118, 55.118, 27.56, 27.56, 0],
		[73, "PAD15_2", 1662.1942, -92.0658, "B", "DIP", "3.3V", "", "C", 55.118, 55.118, 27.56, 27.56, 0],
		[74, "PAD16_1", 735.9232, 89.6764, "T", "DIP", "SDA", "", "C", 55.118, 55.118, 27.56, 27.56, 0],
		[75, "PAD16_1", 735.9232, 89.6764, "B", "DIP", "SDA", "", "C", 55.118, 55.118, 27.56, 27.56, 0],
		[76, "PAD17_2", 1149.3032, 89.6764, "T", "DIP", "3.3V", "", "C", 55.118, 55.118, 27.56, 27.56, 0],
		[77, "PAD17_2", 1149.3032, 89.6764, "B", "DIP", "3.3V", "", "C", 55.118, 55.118, 27.56, 27.56, 0]
	]
}
}